case,engine,threads,label,frames,wall_seconds,cpu_seconds,fps,average_busy_cores,cpu_seconds_per_frame,estimated_cores_at_30fps,estimated_cores_at_60fps,returncode,reported_pictures,refused_slices,internal_decode_seconds,trial,warmup
1280x720-high-s1-b3,candidate,8,trial0-0,384,1.7496693510001933,4.793298999999999,219.47003859928594,2.7395456160102047,0.012482549479166665,0.374476484375,0.74895296875,0,384,0,1.4765,0,True
1920x1080-high-s1-b3,ffmpeg,4,trial0-1,384,0.7947012969998468,2.747630999999998,483.2004193898705,3.4574386758557507,0.007155289062499994,0.21465867187499982,0.42931734374999964,0,384,,,0,True
1280x720-high-s1-b3,candidate,1,trial0-2,384,2.8264330829988467,2.812633999999999,135.8602835176893,0.9951178454986783,0.007324567708333331,0.21973703124999994,0.4394740624999999,0,384,0,2.5776999999999997,0,True
1280x720-high-s4-b3,ffmpeg,8,trial0-3,384,0.33966013900135295,1.4787199999999987,1130.5418443536303,4.353528218965101,0.00385083333333333,0.11552499999999989,0.23104999999999978,0,384,,,0,True
1920x1080-high-s4-b3,candidate,4,trial0-4,384,2.882306848998269,7.186447000000003,133.226620244634,2.4932969931697646,0.018714705729166673,0.5614411718750002,1.1228823437500004,0,384,0,2.3088,0,True
1920x1080-high-s1-b3,candidate,1,trial0-5,384,6.213131407999754,6.182003000000002,61.804583676691365,0.994989900268378,0.016098966145833338,0.48296898437500013,0.9659379687500003,0,384,0,5.6328000000000005,0,True
1920x1080-high-s1-b3,ffmpeg,8,trial0-6,384,0.5350632120025693,2.9153879999999983,717.672214022735,5.448679585144042,0.007592156249999996,0.22776468749999987,0.45552937499999974,0,384,,,0,True
1920x1080-high-s4-b3,candidate,1,trial0-7,384,6.2279777439980535,6.196321999999997,61.65725308990764,0.9949171713035482,0.016136255208333325,0.4840876562499997,0.9681753124999994,0,384,0,5.6295,0,True
1280x720-high-s1-b3,ffmpeg,4,trial0-8,384,0.4465033359992958,1.3707750000000027,860.0159708562751,3.0700218553398773,0.003569726562500007,0.10709179687500021,0.21418359375000043,0,384,,,0,True
1920x1080-high-s4-b3,ffmpeg,8,trial0-9,384,0.5243951400007063,2.9032360000000024,732.272232727944,5.536351843375383,0.007560510416666673,0.2268153125000002,0.4536306250000004,0,384,,,0,True
1280x720-high-s4-b3,candidate,4,trial0-10,384,1.1832086419999541,3.030783999999997,324.5412401239163,2.561495827884694,0.007892666666666659,0.23677999999999977,0.47355999999999954,0,384,0,0.9378,0,True
1280x720-high-s4-b3,ffmpeg,1,trial0-11,384,1.0921828989994538,1.2593179999999986,351.5894639549672,1.1530284910646897,0.0032794739583333296,0.09838421874999989,0.19676843749999978,0,384,,,0,True
1920x1080-high-s4-b3,ffmpeg,1,trial0-12,384,2.1597936670004856,2.4915919999999945,177.79476154002154,1.1536250143099591,0.006488520833333319,0.19465562499999958,0.38931124999999916,0,384,,,0,True
1280x720-high-s1-b3,candidate,4,trial0-13,384,1.8559806749981362,3.637705000000002,206.89870599023646,1.9599907741515978,0.009473190104166673,0.2841957031250002,0.5683914062500004,0,384,0,1.6118,0,True
1280x720-high-s1-b3,ffmpeg,8,trial0-14,384,0.339248170999781,1.5083010000000012,1131.9147244577123,4.4460107052455555,0.003927867187500003,0.1178360156250001,0.2356720312500002,0,384,,,0,True
1920x1080-high-s4-b3,ffmpeg,4,trial0-15,384,0.744919109998591,2.672967000000007,515.4922123030598,3.5882647714663447,0.0069608515625000185,0.20882554687500055,0.4176510937500011,0,384,,,0,True
1920x1080-high-s4-b3,candidate,8,trial0-16,384,2.9412521820013353,9.244223000000002,130.55663922660054,3.142954914430321,0.024073497395833338,0.7222049218750002,1.4444098437500004,0,384,0,2.3514,0,True
1280x720-high-s4-b3,candidate,8,trial0-17,384,1.3504086309985723,4.288491999999997,284.35837211440776,3.175699489441823,0.011167947916666658,0.33503843749999973,0.6700768749999995,0,384,0,1.057,0,True
1280x720-high-s4-b3,ffmpeg,4,trial0-18,384,0.4494555620003666,1.337875000000003,854.3669996894749,2.9766569002853096,0.0034840494791666746,0.10452148437500024,0.20904296875000047,0,384,,,0,True
1280x720-high-s1-b3,ffmpeg,1,trial0-19,384,1.1331369939980505,1.2981649999999938,338.88223757052685,1.145638176915992,0.0033806380208333173,0.10141914062499952,0.20283828124999903,0,384,,,0,True
1920x1080-high-s1-b3,candidate,8,trial0-20,384,3.646399830999144,9.788451999999996,105.3093510852815,2.6844154381495455,0.025490760416666657,0.7647228124999997,1.5294456249999995,0,384,0,3.0275,0,True
1280x720-high-s4-b3,candidate,1,trial0-21,384,2.789709552002023,2.77727300000001,137.64873827973383,0.995541990386387,0.007232481770833359,0.21697445312500077,0.43394890625000154,0,384,0,2.543,0,True
1920x1080-high-s1-b3,ffmpeg,1,trial0-22,384,2.205634285000997,2.532373999999991,174.0995787975006,1.1481386634316153,0.00659472395833331,0.19784171874999928,0.39568343749999857,0,384,,,0,True
1920x1080-high-s1-b3,candidate,4,trial0-23,384,3.846594725000614,7.3267310000000085,99.82855680226066,1.9047317234593357,0.019080028645833354,0.5724008593750006,1.1448017187500013,0,384,0,3.2559,0,True
1920x1080-high-s4-b3,candidate,4,trial1-0,384,2.895687979998911,7.22948399999999,132.61097281625777,2.496637776561378,0.018826781249999973,0.5648034374999992,1.1296068749999983,0,384,0,2.3176,1,False
1280x720-high-s1-b3,ffmpeg,1,trial1-1,384,1.1249924109979474,1.277076000000008,341.3356359083036,1.1351863243834257,0.003325718750000021,0.09977156250000063,0.19954312500000126,0,384,,,1,False
1280x720-high-s4-b3,ffmpeg,8,trial1-2,384,0.3518754729993816,1.5999010000000027,1091.2951582751402,4.546781809946766,0.004166408854166674,0.12499226562500022,0.24998453125000045,0,384,,,1,False
1920x1080-high-s4-b3,ffmpeg,1,trial1-3,384,2.175538380000944,2.5057759999999956,176.50803292187075,1.1517958143302938,0.0065254583333333215,0.19576374999999965,0.3915274999999993,0,384,,,1,False
1280x720-high-s1-b3,ffmpeg,4,trial1-4,384,0.4496279660015716,1.383265999999999,854.0394037648846,3.0764678903339475,0.0036022552083333306,0.10806765624999992,0.21613531249999984,0,384,,,1,False
1280x720-high-s4-b3,ffmpeg,4,trial1-5,384,0.467814145002194,1.414638999999994,820.8387969931929,3.0239337889053344,0.003683955729166651,0.11051867187499953,0.22103734374999906,0,384,,,1,False
1920x1080-high-s1-b3,candidate,4,trial1-6,384,3.834385893002036,7.329355000000012,100.14641476248413,1.911480796279917,0.0190868619791667,0.572605859375001,1.145211718750002,0,384,0,3.2438000000000002,1,False
1920x1080-high-s1-b3,ffmpeg,4,trial1-7,384,0.7569029859987495,2.6865999999999826,507.3305391883266,3.5494641317274724,0.006996354166666621,0.20989062499999864,0.4197812499999973,0,384,,,1,False
1280x720-high-s1-b3,candidate,8,trial1-8,384,1.7891177250021428,4.875589000000016,214.63092933112608,2.7251359325693207,0.012696846354166708,0.38090539062500123,0.7618107812500025,0,384,0,1.493,1,False
1280x720-high-s1-b3,candidate,4,trial1-9,384,1.870090231001086,3.672702999999995,205.33768565511372,1.9639175367671668,0.009564330729166653,0.2869299218749996,0.5738598437499992,0,384,0,1.6094000000000002,1,False
1280x720-high-s1-b3,candidate,1,trial1-10,384,2.830114575001062,2.807102999999996,135.68355267025044,0.9918690306023893,0.00731016406249999,0.2193049218749997,0.4386098437499994,0,384,0,2.5961999999999996,1,False
1920x1080-high-s1-b3,candidate,1,trial1-11,384,6.216674879997299,6.187567999999992,61.7693553889321,0.9953179343364149,0.016113458333333313,0.4834037499999994,0.9668074999999988,0,384,0,5.6472,1,False
1920x1080-high-s1-b3,ffmpeg,1,trial1-12,384,2.1958017830002063,2.511335000000015,174.87917305328278,1.1436984064056472,0.006539934895833373,0.19619804687500117,0.39239609375000234,0,384,,,1,False
1280x720-high-s4-b3,ffmpeg,1,trial1-13,384,1.0922600060002878,1.2631399999999946,351.56464384900204,1.1564462610193398,0.003289427083333319,0.09868281249999958,0.19736562499999916,0,384,,,1,False
1920x1080-high-s4-b3,candidate,8,trial1-14,384,3.008489575000567,9.293401000000012,127.63880027735433,3.0890587347301213,0.024201565104166697,0.7260469531250009,1.4520939062500018,0,384,0,2.3753,1,False
1280x720-high-s4-b3,candidate,1,trial1-15,384,2.821668922002573,2.8059200000000057,136.0896726776402,0.9944185790615754,0.007307083333333349,0.21921250000000045,0.4384250000000009,0,384,0,2.5711999999999997,1,False
1920x1080-high-s4-b3,ffmpeg,4,trial1-16,384,0.7480943310001749,2.6776009999999886,513.3042506639583,3.579229101255364,0.006972919270833304,0.2091875781249991,0.4183751562499982,0,384,,,1,False
1280x720-high-s1-b3,ffmpeg,8,trial1-17,384,0.34035287499864353,1.538411000000007,1128.2408000858827,4.5200470247420075,0.0040062786458333515,0.12018835937500054,0.24037671875000108,0,384,,,1,False
1920x1080-high-s1-b3,ffmpeg,8,trial1-18,384,0.5585152780004137,3.0747889999999884,687.5371455813884,5.505290761263134,0.008007263020833303,0.24021789062499907,0.48043578124999814,0,384,,,1,False
1920x1080-high-s4-b3,ffmpeg,8,trial1-19,384,0.5509538789992803,3.057317999999997,696.973040098156,5.54913599220524,0.007961765624999992,0.23885296874999976,0.4777059374999995,0,384,,,1,False
1280x720-high-s4-b3,candidate,4,trial1-20,384,1.2347127419998287,3.1312900000000052,311.00351275070363,2.5360473683363347,0.008154401041666681,0.24463203125000044,0.4892640625000009,0,384,0,0.9692999999999999,1,False
1920x1080-high-s4-b3,candidate,1,trial1-21,384,6.172298402998422,6.144406000000011,62.21345355134772,0.9954810345875595,0.016001057291666693,0.4800317187500008,0.9600634375000016,0,384,0,5.5853,1,False
1920x1080-high-s1-b3,candidate,8,trial1-22,384,3.6938790759995754,9.935417999999984,103.95575818791208,2.6896976851662173,0.02587348437499996,0.7762045312499988,1.5524090624999975,0,384,0,3.0589,1,False
1280x720-high-s4-b3,candidate,8,trial1-23,384,1.3593377079996571,4.391982000000006,282.4905082380727,3.230971946230387,0.011437453125000016,0.34312359375000046,0.6862471875000009,0,384,0,1.0626,1,False
1920x1080-high-s4-b3,candidate,1,trial2-0,384,6.163009125000826,6.131204999999996,62.30722561196087,0.9948395135629746,0.01596667968749999,0.47900039062499966,0.9580007812499993,0,384,0,5.599,2,False
1920x1080-high-s1-b3,candidate,8,trial2-1,384,3.7265122259996133,10.203918000000016,103.0454153137776,2.738195229525345,0.02657270312500004,0.7971810937500012,1.5943621875000025,0,384,0,3.0955,2,False
1280x720-high-s1-b3,candidate,4,trial2-2,384,1.871244514000864,3.6487019999999966,205.21102246492555,1.9498798648172346,0.009501828124999992,0.28505484374999973,0.5701096874999995,0,384,0,1.6042,2,False
1280x720-high-s1-b3,ffmpeg,4,trial2-3,384,0.4365716530010104,1.3246669999999927,879.580699663776,3.0342487673997627,0.0034496536458333144,0.10348960937499943,0.20697921874999886,0,384,,,2,False
1280x720-high-s1-b3,ffmpeg,8,trial2-4,384,0.34668868300286704,1.5168980000000012,1107.6219641032367,4.37538943256321,0.003950255208333336,0.11850765625000009,0.23701531250000019,0,384,,,2,False
1920x1080-high-s1-b3,candidate,4,trial2-5,384,3.8853344029994332,7.525999999999986,98.83319173339531,1.9370276067331555,0.019598958333333295,0.5879687499999988,1.1759374999999976,0,384,0,3.2841,2,False
1280x720-high-s4-b3,ffmpeg,4,trial2-6,384,0.43959375100166653,1.3289050000000149,873.5338005260776,3.0230297791357295,0.0034606901041667054,0.10382070312500116,0.20764140625000232,0,384,,,2,False
1280x720-high-s4-b3,ffmpeg,1,trial2-7,384,1.1056839939992642,1.269169999999992,347.29633609967544,1.1478596116865163,0.0033051302083333123,0.09915390624999937,0.19830781249999874,0,384,,,2,False
1920x1080-high-s4-b3,ffmpeg,1,trial2-8,384,2.157463363997522,2.485432999999997,177.98679987246408,1.1520163176234828,0.0064724817708333255,0.19417445312499976,0.3883489062499995,0,384,,,2,False
1280x720-high-s1-b3,candidate,1,trial2-9,384,2.8364236800007347,2.8228079999999984,135.3817494570841,0.9951997016183658,0.007351062499999996,0.22053187499999988,0.44106374999999975,0,384,0,2.5679000000000003,2,False
1920x1080-high-s1-b3,ffmpeg,1,trial2-10,384,2.19159837999905,2.5307950000000154,175.21458470879435,1.1547713409064997,0.006590611979166707,0.1977183593750012,0.3954367187500024,0,384,,,2,False
1920x1080-high-s1-b3,ffmpeg,4,trial2-11,384,0.7713562470016768,2.7420259999999974,497.8244507549379,3.5548114255358283,0.007140692708333327,0.2142207812499998,0.4284415624999996,0,384,,,2,False
1920x1080-high-s1-b3,candidate,1,trial2-12,384,6.249269859999913,6.213841999999994,61.44717840685557,0.9943308801198226,0.01618188020833332,0.48545640624999953,0.9709128124999991,0,384,0,5.6587,2,False
1280x720-high-s4-b3,candidate,4,trial2-13,384,1.318105165999441,3.376951999999994,291.3272854892694,2.5619746338217646,0.008794145833333317,0.2638243749999995,0.527648749999999,0,384,0,1.0535,2,False
1280x720-high-s1-b3,ffmpeg,1,trial2-14,384,1.1075761370011605,1.2738229999999984,346.70302760377876,1.1500997154461658,0.003317247395833329,0.09951742187499987,0.19903484374999975,0,384,,,2,False
1280x720-high-s4-b3,candidate,1,trial2-15,384,2.793135000003531,2.7797900000000126,137.47992846730094,0.9952222144638546,0.007239036458333366,0.217171093750001,0.434342187500002,0,384,0,2.5484,2,False
1280x720-high-s1-b3,candidate,8,trial2-16,384,1.7337398220006435,4.727986999999988,221.48652013823184,2.7270452809604055,0.012312466145833303,0.3693739843749991,0.7387479687499982,0,384,0,1.4642,2,False
1280x720-high-s4-b3,ffmpeg,8,trial2-17,384,0.35351603900198825,1.553166000000001,1086.23077211453,4.393480998442805,0.004044703125000003,0.12134109375000009,0.24268218750000017,0,384,,,2,False
1920x1080-high-s4-b3,candidate,4,trial2-18,384,2.965171695999743,7.455379000000022,129.50346198098651,2.5143161220842396,0.019415049479166724,0.5824514843750017,1.1649029687500034,0,384,0,2.3745,2,False
1280x720-high-s4-b3,candidate,8,trial2-19,384,1.3764907120021235,4.451323999999998,278.97028047611525,3.233820585338705,0.011591989583333328,0.34775968749999986,0.6955193749999997,0,384,0,1.0835,2,False
1920x1080-high-s4-b3,ffmpeg,4,trial2-20,384,0.7873629450004955,2.814857,487.70392668118046,3.575043781109395,0.0073303567708333335,0.219910703125,0.43982140625,0,384,,,2,False
1920x1080-high-s1-b3,ffmpeg,8,trial2-21,384,0.5589270140008011,3.1282329999999625,687.0306683717556,5.596854189616032,0.008146440104166569,0.24439320312499707,0.48878640624999414,0,384,,,2,False
1920x1080-high-s4-b3,candidate,8,trial2-22,384,2.9379785870005435,9.188217000000035,130.70210984486286,3.1273941344073983,0.02392764843750009,0.7178294531250027,1.4356589062500054,0,384,0,2.3355,2,False
1920x1080-high-s4-b3,ffmpeg,8,trial2-23,384,0.5468902720022015,3.015208000000012,702.1518203169908,5.513369233943649,0.007852104166666698,0.23556312500000096,0.4711262500000019,0,384,,,2,False
1280x720-high-s1-b3,candidate,8,trial3-0,384,1.7641340019981726,4.728780999999948,217.6705395197058,2.6805112279701113,0.012314533854166532,0.36943601562499595,0.7388720312499919,0,384,0,1.4697,3,False
1920x1080-high-s1-b3,ffmpeg,1,trial3-1,384,2.1987051100004464,2.5191560000000344,174.64825012387496,1.1457452791381937,0.006560302083333423,0.19680906250000268,0.39361812500000537,0,384,,,3,False
1920x1080-high-s4-b3,ffmpeg,4,trial3-2,384,0.7559250730009808,2.7302610000000165,507.9868544054786,3.6118143153540747,0.007110054687500043,0.2133016406250013,0.4266032812500026,0,384,,,3,False
1280x720-high-s1-b3,candidate,4,trial3-3,384,1.8655953669986047,3.640634999999971,205.83241510606044,1.9514601421084543,0.009480820312499924,0.28442460937499775,0.5688492187499955,0,384,0,1.598,3,False
1920x1080-high-s4-b3,ffmpeg,1,trial3-4,384,2.1924187000004167,2.524390000000004,175.1490260505108,1.151417838207421,0.006573932291666677,0.1972179687500003,0.3944359375000006,0,384,,,3,False
1280x720-high-s4-b3,candidate,4,trial3-5,384,1.3193416020003497,3.4274299999999833,291.05426480737793,2.597833642783194,0.00892559895833329,0.2677679687499987,0.5355359374999974,0,384,0,1.0615999999999999,3,False
1280x720-high-s1-b3,ffmpeg,8,trial3-6,384,0.3425732079995214,1.4921300000000137,1120.9282892914862,4.355652938282606,0.003885755208333369,0.11657265625000107,0.23314531250000214,0,384,,,3,False
1920x1080-high-s4-b3,candidate,4,trial3-7,384,2.9176761909984634,7.26986400000003,131.61158910803965,2.4916623792690977,0.01893193750000008,0.5679581250000023,1.1359162500000046,0,384,0,2.3441,3,False
1920x1080-high-s1-b3,candidate,1,trial3-8,384,6.275570468002115,6.245587999999977,61.189656296258576,0.9952223517917592,0.016264552083333272,0.48793656249999817,0.9758731249999963,0,384,0,5.6841,3,False
1920x1080-high-s4-b3,ffmpeg,8,trial3-9,384,0.5423785359998874,2.958413999999987,707.9926186461031,5.454518945050217,0.007704203124999966,0.23112609374999898,0.46225218749999797,0,384,,,3,False
1920x1080-high-s4-b3,candidate,8,trial3-10,384,3.023600181997608,9.283964000000012,127.00091840393459,3.070499881325697,0.024176989583333364,0.7253096875000009,1.4506193750000018,0,384,0,2.3752,3,False
1920x1080-high-s1-b3,ffmpeg,4,trial3-11,384,0.7594591130000481,2.7167760000000065,505.62300646193665,3.5772511692803066,0.007074937500000017,0.2122481250000005,0.424496250000001,0,384,,,3,False
1280x720-high-s4-b3,ffmpeg,1,trial3-12,384,1.106071594000241,1.2673740000000109,347.1746332542705,1.1458336032447958,0.003300453125000028,0.09901359375000085,0.1980271875000017,0,384,,,3,False
1280x720-high-s1-b3,candidate,1,trial3-13,384,2.8473722640010237,2.834502999999959,134.86118582205236,0.9954803015524983,0.00738151822916656,0.2214455468749968,0.4428910937499936,0,384,0,2.5904000000000003,3,False
1280x720-high-s4-b3,candidate,8,trial3-14,384,1.345230303999415,4.406118000000049,285.4529806965804,3.275363323960598,0.011474265625000127,0.34422796875000383,0.6884559375000077,0,384,0,1.0674000000000001,3,False
1280x720-high-s4-b3,ffmpeg,4,trial3-15,384,0.4302312100007839,1.3032949999999666,892.5433373355232,3.0292897625850803,0.003393997395833246,0.10181992187499739,0.20363984374999478,0,384,,,3,False
1280x720-high-s1-b3,ffmpeg,1,trial3-16,384,1.1106361550009751,1.2706029999999977,345.7477935243904,1.1440317283736203,0.0033088619791666607,0.09926585937499982,0.19853171874999964,0,384,,,3,False
1280x720-high-s4-b3,ffmpeg,8,trial3-17,384,0.33906572200066876,1.535529000000011,1132.5238002066237,4.528706089602837,0.003998773437500029,0.11996320312500088,0.23992640625000175,0,384,,,3,False
1920x1080-high-s1-b3,candidate,4,trial3-18,384,3.829406706001464,7.346231000000003,100.27663016262896,1.918373148636042,0.01913080989583334,0.5739242968750002,1.1478485937500005,0,384,0,3.2525,3,False
1920x1080-high-s1-b3,ffmpeg,8,trial3-19,384,0.5702215870005602,3.170138000000019,673.422418151319,5.5594843693578095,0.008255567708333383,0.2476670312500015,0.495334062500003,0,384,,,3,False
1920x1080-high-s4-b3,candidate,1,trial3-20,384,6.1532834350000485,6.124596999999952,62.40570649091138,0.9953380280133161,0.01594947135416654,0.47848414062499617,0.9569682812499923,0,384,0,5.5752,3,False
1920x1080-high-s1-b3,candidate,8,trial3-21,384,3.7536456730013015,10.219876,102.30054551019069,2.7226533589752746,0.026614260416666664,0.7984278125,1.596855625,0,384,0,3.0970999999999997,3,False
1280x720-high-s1-b3,ffmpeg,4,trial3-22,384,0.4603899329995329,1.3940300000000256,834.0755791469263,3.0279332802036745,0.0036302864583334002,0.108908593750002,0.217817187500004,0,384,,,3,False
1280x720-high-s4-b3,candidate,1,trial3-23,384,2.8219997889973456,2.808369999999993,136.07371676538463,0.9951701665427143,0.007313463541666648,0.21940390624999945,0.4388078124999989,0,384,0,2.5604,3,False
